model,type,pehe,ate_pred,ate_true,ate_error,ate_pct,train_time
T-Learner,baseline,30974.69512739585,44521.419975565535,48733.544908011354,0.0,8.64317369154359,8.3
X-Learner,baseline,26746.934493139863,45401.02066178128,48733.544908011354,0.0,6.838255358850855,30.7
Causal Forest,baseline,22805.222086253198,47644.958109388535,48733.544908011354,0.0,2.2337525428893326,10.7
BART,baseline,25704.98097167366,45210.71111853841,48733.544908011354,0.0,7.22876572209673,12.8
DragonNet,baseline,181148.99355156574,-1118.8258056640625,48733.544908011354,0.0,102.2958022195511,66.3
CALF (ours),proposed,20119.1,50858.29296875,48733.544908011354,2124.748060738646,4.359929212515293,0.0
CALF - No Roots (parents),ablation,27860.050848657313,57436.01171875,48733.544908011354,8702.466810738646,17.8572415102683,182.8
CALF - No Soil (teachers),ablation,24376.176505155363,49206.82421875,48733.544908011354,473.279310738646,0.9711571600875749,183.1
CALF - No Leaves (peers),ablation,19884.52790737473,42374.03515625,48733.544908011354,6359.509751761354,13.049552959394727,183.4
CALF - No Attention,ablation,20990.394626440775,42601.01953125,48733.544908011354,6132.525376761354,12.583786770153923,150.2
CALF - Plain MLP,ablation,23850.26232323117,61676.77734375,48733.544908011354,12943.232435738646,26.559185177622684,91.7
