treat,age,educ,black,hispan,married,nodegree,re74,re75,re78
1,45,10,1,0,0,1,6288.384587499234,0.0,24505.93458167334
1,31,7,1,0,0,0,2835.7426222254294,0.0,12024.446424337448
1,24,11,1,0,0,1,6312.48886955812,7058.2680811320115,15737.864534883136
1,37,11,1,0,0,1,4757.789800383971,6481.571611878339,9686.250081067858
1,35,8,1,0,0,0,11952.52942844146,0.0,3407.9533094798953
1,39,8,1,0,0,1,4096.8033731264395,0.0,13109.368525407739
1,27,12,1,0,0,1,5213.775371226828,2926.2930121575137,0.0
1,27,11,1,0,0,0,7479.796361300248,567.8800842236624,0.0
1,40,8,0,0,0,1,2406.89999287648,0.0,13909.315735250071
1,52,9,0,0,0,0,0.0,0.0,0.0
1,40,10,1,0,0,1,0.0,7812.379405326441,6655.496082103542
1,19,11,0,0,0,0,0.0,0.0,7013.988386955976
1,38,12,1,1,0,0,0.0,1005.7986431555959,3984.0160197465466
1,18,10,1,0,0,1,3649.113861889607,0.0,0.0
1,40,12,1,0,1,0,0.0,3424.0090496283847,3195.2164130185556
1,46,12,1,0,1,1,3048.245737213426,1902.673641060135,1652.973778672137
1,54,10,1,0,0,0,1320.5579935861206,0.0,9413.047404484325
1,18,7,1,0,0,1,1892.5957622794792,0.0,9012.22906794872
1,37,8,1,0,0,1,4813.448837939619,6053.225120941009,11116.42280532339
1,49,11,1,0,0,1,0.0,0.0,2825.0159905104147
1,28,6,0,0,0,1,5218.26054149301,3153.782724102777,12255.69413631517
1,38,10,1,0,1,1,9755.433544264559,0.0,0.0
1,41,12,1,0,0,0,3772.774088385244,3808.514407616859,0.0
1,43,10,0,0,0,0,0.0,4655.392118090136,0.0
1,44,9,0,0,0,0,0.0,5056.108767768881,4215.028616287098
1,32,8,0,0,0,1,882.7392038631403,1013.0699396735943,2216.802869128568
1,31,11,1,0,0,1,0.0,6630.907606309537,14352.545918460139
1,19,11,1,0,0,1,0.0,8960.781466192344,3039.9714276865407
1,53,9,1,0,1,1,2850.588362511788,496.69512506804426,10293.65172927755
1,23,12,1,0,0,1,1015.0086398560206,80.2148080117629,14541.204167979067
1,37,12,0,0,0,1,3023.1659579482302,2012.2016010503478,2743.7278318684066
1,25,13,1,0,0,1,7893.875283496112,0.0,10487.77673691315
1,34,11,1,0,0,1,940.9437006116564,0.0,16025.164027630515
1,20,9,0,0,0,1,0.0,0.0,0.0
1,41,10,1,0,0,1,146.61239035689573,7055.018589772104,8338.513344970615
1,30,6,1,0,0,1,5861.068036049031,4016.6881420190557,2777.435507370993
1,25,10,1,1,0,1,5403.376312993759,0.0,0.0
1,42,10,1,0,1,0,4630.591957887502,0.0,0.0
1,18,7,0,0,1,1,0.0,0.0,0.0
1,36,10,1,0,0,1,5770.548094325797,3152.5382168954443,8615.24818825108
1,44,12,1,0,0,1,6870.105794367141,0.0,0.0
1,23,8,1,0,0,0,0.0,2475.1461648678455,3810.4305014946913
1,24,8,1,0,0,0,1892.8469333096825,0.0,14540.400398711743
1,51,12,0,0,1,0,11969.704396514482,1827.5227883751877,11675.369249216768
1,30,11,0,0,0,1,0.0,1737.553433994606,3969.496530345519
1,33,16,1,0,0,1,0.0,1920.1789971941976,21435.79448189308
1,52,7,0,0,0,1,8854.253971229471,262.356074254242,23035.517468243037
1,20,11,1,0,0,0,7650.5875193201855,156.56757116870995,8348.505168923022
1,18,10,1,0,0,0,0.0,0.0,0.0
1,22,10,1,0,0,1,1543.809162010661,3089.649369201644,15116.687965926914
1,20,12,1,0,0,0,0.0,4123.915220119872,0.0
1,45,10,1,0,0,0,2530.7097562436143,0.0,19755.841453034758
1,34,6,1,0,0,1,7793.820327020035,1365.8079476911848,16667.562414139666
1,42,8,1,0,0,0,0.0,2164.7976945570285,22100.72977005381
1,50,13,1,0,0,0,6382.397370328613,2123.5592823515726,10190.509147678906
1,26,12,1,0,1,1,4362.218491067041,2068.831405481191,5299.978169580481
1,52,9,1,0,1,1,4919.791145736129,237.84994549872272,4602.054381259009
1,30,11,1,0,0,1,0.0,2430.1989395639134,3845.571234499933
1,47,15,1,0,0,1,362.9516180040132,3521.4344206562732,15861.067098458887
1,31,10,1,0,1,1,0.0,1985.996995092834,13746.439807942743
1,24,10,1,0,0,1,0.0,3160.6203338020578,9088.815058226954
1,30,10,1,0,0,0,7781.953433398763,4719.947630129735,2461.599650538509
1,39,11,1,0,1,1,0.0,0.0,28827.015770439248
1,37,9,1,0,0,1,0.0,4569.010106964619,15320.651088045897
1,32,11,1,0,0,1,5224.607668456714,2634.274976247283,0.0
1,34,6,1,0,0,1,4064.3286429702484,0.0,4081.613922622622
1,40,10,1,0,0,0,5467.36170175452,4115.1537701870775,15473.282558314288
1,42,10,1,0,0,1,0.0,249.80500350886723,1853.027306662475
1,41,9,1,0,0,1,14626.551198230793,688.7300414905781,10908.627792083267
1,45,9,1,0,0,1,0.0,0.0,15622.914494744477
1,31,9,1,0,0,0,2849.8066222183907,2505.421879602845,0.0
1,17,8,0,0,0,0,1320.6505916902183,0.0,7293.067415757967
1,41,5,1,0,0,1,0.0,4433.846833801923,7601.822411096813
1,23,9,1,0,1,1,286.7865507116478,1085.0013318203519,4901.225991135627
1,25,12,1,0,0,1,2209.9042455292447,359.6322056523293,10516.435626620503
1,40,9,0,0,0,1,0.0,3955.50680623937,13315.706752170046
1,17,11,0,0,1,1,6676.211838440808,503.3467820948795,9260.5147790017
1,24,8,1,0,0,1,1306.1349819249035,4584.181200841247,5202.099891013117
1,40,7,1,0,0,1,0.0,4685.309708756747,13119.831765402849
1,27,8,1,0,0,1,0.0,0.0,8528.903170761367
1,33,8,1,0,0,0,5058.328797818187,5102.708590955592,6328.0798493911725
1,24,7,1,0,0,1,0.0,0.0,0.0
1,51,11,1,0,0,1,3642.3742189908717,5303.317716034802,0.0
1,51,13,0,0,0,1,4269.029892354429,8061.2818017891395,0.0
1,49,8,1,0,0,1,0.0,4348.092056788335,10332.61472461943
1,21,6,1,0,0,0,6449.037015407889,0.0,7520.887492580831
1,44,11,1,0,0,1,0.0,4955.618050703593,0.0
1,23,7,0,0,0,1,3544.794810450956,8762.289141348021,13224.435535519911
1,25,7,0,0,1,0,1896.3272785163058,556.5411476273438,18954.692940179943
1,24,11,1,0,0,1,1514.4568926031225,1420.2900128237839,3434.650717292586
1,28,9,1,0,0,1,0.0,0.0,0.0
1,50,8,1,1,0,0,0.0,2536.583649180515,2564.3027299766527
1,49,10,1,0,0,1,10007.085496275662,5617.481350606333,14865.04175099386
1,39,9,1,0,0,1,8034.462528356261,3778.015815513092,12458.284397093066
1,40,14,1,0,0,0,5722.567384115804,11645.991699889424,886.2220591476953
1,53,8,1,0,0,1,6689.037681949584,1638.3140513069015,20110.061207795225
1,51,8,1,1,0,1,6230.46819280849,0.0,18749.919278642978
1,38,9,1,0,0,1,515.7581905572979,2082.3555574780976,2376.441300202665
1,43,9,1,0,0,0,2328.638557716735,0.0,2295.5375466746063
1,51,11,1,0,0,1,0.0,0.0,3479.2226166355567
1,17,6,1,0,0,1,1657.6574717916196,6760.885846634083,4151.813056018309
1,51,11,1,0,0,1,7879.345437498005,2578.605214945672,15620.882508373066
1,53,9,1,0,1,1,0.0,2109.542720503854,11489.063718769365
1,30,11,1,0,0,1,7096.091067306475,7393.092032646732,15042.978678481071
1,19,10,1,0,0,1,2543.57950499642,660.9389487356119,13441.93698144977
1,17,11,1,1,1,1,0.0,5593.799909234896,21631.18444548009
1,21,9,1,0,1,1,0.0,1948.2391530604498,0.0
1,42,11,1,0,1,1,6588.633124261799,2755.3727848746057,11135.28055853027
1,30,13,0,0,0,1,4796.185204657727,0.0,0.0
1,43,8,1,0,0,1,2593.321024690525,0.0,0.0
1,25,10,1,0,0,1,756.8065237702899,0.0,7554.128412850558
1,31,9,0,0,0,0,3125.045706670897,1225.4060931926138,11433.031422539934
1,31,13,1,0,0,1,6398.007770100628,2788.705145066463,7342.0155574533765
1,42,9,0,0,0,1,9308.494981741362,0.0,3680.8972412006606
1,29,8,1,0,0,1,9542.244682666234,8128.306952122446,5079.449557762273
1,48,9,1,0,0,0,3913.7680350067803,2427.223275457022,18916.392161528427
1,48,10,1,0,1,0,1255.769829188588,1718.043989998821,5121.818856616934
1,20,8,1,0,0,1,2810.7140142107473,4009.5283015815676,21904.283840616434
1,46,9,1,0,0,1,4647.6021859055745,0.0,14389.532317548097
1,53,10,0,0,0,0,4627.793154570962,2058.234005440032,11742.446302148128
1,39,10,1,0,1,1,8488.130695703694,0.0,0.0
1,31,11,1,0,0,1,12435.698213006694,6549.390630576436,15500.518615730864
1,45,9,1,0,0,1,1092.9206250759596,0.0,4258.506864852556
1,52,9,1,0,1,1,12631.809549425147,1735.329613509792,0.0
1,29,10,1,0,1,0,7824.7331989082695,2592.067512403566,12177.540704095463
1,48,14,1,0,0,0,1603.278046964889,2802.9440712483906,0.0
1,23,8,1,0,0,1,9419.486367533646,0.0,2146.4464174265768
1,38,14,1,0,0,1,10333.763249035459,0.0,8063.418124474074
1,44,7,1,0,0,0,0.0,0.0,25595.32134351056
1,18,10,1,0,0,0,10561.335938897362,3232.679572722899,2739.0337491805003
1,22,9,1,0,0,1,7349.929746402752,1068.960463434389,4538.210642662374
1,44,8,1,0,1,0,13671.14845843431,4094.996154408667,13904.358543135084
1,44,11,1,0,0,0,23.723449768448518,3067.4749727327408,0.0
1,36,11,0,0,1,0,368.8035033621875,0.0,11626.557799491542
1,46,9,1,0,0,1,0.0,2328.695408018982,17630.0261955197
1,27,6,1,1,0,1,4887.424689815631,8776.213897600574,5727.084541977766
1,44,9,1,0,1,0,3929.852886208677,5798.041075292388,16215.755731749141
1,41,10,1,0,0,1,0.0,2890.4603643157325,10435.83654590728
1,49,10,1,0,0,0,1695.9954752178603,0.0,2394.724990755658
1,17,11,1,0,1,1,0.0,3069.2454122084546,6586.870536052184
1,43,14,1,0,0,1,7952.80048448845,3913.2550564681155,5155.449006375436
1,29,11,1,0,0,1,0.0,715.1894344160074,7453.549825757771
1,19,11,1,0,1,1,17216.61753933959,2551.5926872914843,9344.43171316239
1,22,10,0,0,0,0,1237.8364434251826,6391.603453576854,12770.3688884236
1,24,12,1,0,0,0,0.0,0.0,12144.693119501997
1,43,11,1,0,0,0,81.02578874272967,0.0,0.0
1,25,11,1,0,1,1,0.0,3761.7991303753706,7377.476478930465
1,53,13,1,0,0,1,4452.862729865279,3004.82974592162,0.0
1,49,10,1,0,1,1,43.95016717942963,4843.830472933841,5973.853704839548
1,40,9,1,0,0,1,7624.432386673745,3366.1662805182345,7169.1473126914925
1,31,11,1,0,0,1,753.308991082622,0.0,15822.359133052407
1,48,12,1,0,0,1,8861.768599807754,2923.228145067138,7906.081620323516
1,48,11,1,0,1,1,5797.686246912379,0.0,10182.268150306427
1,40,12,0,0,0,1,2235.7524478225473,726.224066931493,14381.974546631995
1,28,8,1,0,0,0,9818.596654383464,3150.510724480855,17801.727027998433
1,18,8,1,0,0,0,6749.858144088843,371.50473636579886,7175.2494649511855
1,19,9,1,0,0,1,16494.142083903185,9476.659974597813,8883.909667699776
1,53,7,1,0,0,1,94.99221779151458,0.0,8221.85331873981
1,33,10,1,0,0,0,2470.422907375497,0.0,3874.373946820723
1,18,9,1,0,0,1,9762.280936810414,0.0,2092.37053717872
1,18,12,1,0,0,0,0.0,0.0,0.0
1,44,7,1,0,0,0,8531.90319351753,0.0,0.0
1,39,13,0,0,0,1,4242.872576789348,0.0,0.0
1,53,8,1,0,0,1,0.0,3954.948216255287,18017.646477193735
1,48,7,0,0,1,1,0.0,0.0,9625.26873727587
1,49,8,1,0,0,1,0.0,2058.5425672598794,7152.238099827259
1,17,14,1,0,0,1,0.0,132.29587241092145,2498.54404110013
1,35,10,1,0,1,0,0.0,0.0,8377.273463866786
1,18,11,1,0,0,1,5138.432801045196,6915.066860963569,1471.9423024854868
1,42,9,1,0,1,1,0.0,4502.9186945320835,9512.003984934288
1,48,10,1,0,0,0,8880.684171907018,0.0,10076.189243642288
1,22,9,1,0,0,0,10208.163934518481,0.0,1366.494413559497
1,48,10,0,0,0,1,8330.07458659216,4888.157841913851,1216.4057227421326
1,20,11,1,0,0,1,3223.1421284619514,0.0,15712.62232259979
1,27,13,1,0,0,1,0.0,0.0,7727.150739590341
1,33,6,1,1,0,1,0.0,4898.221391647357,1998.7122829731052
1,54,13,1,0,0,1,1401.8577196535714,2076.410317268972,5228.226924608554
1,40,11,1,0,0,1,0.0,2341.8073220752367,192.65631987912093
1,21,9,0,0,0,0,1414.2367412971273,4137.906916587016,7614.4667709327
1,50,9,1,0,0,1,9964.399719504545,0.0,14685.419896396374
1,22,12,1,0,0,0,0.0,0.0,7925.314858035946
1,38,10,1,0,0,0,10949.739078253682,6621.091875293408,26737.70430139425
1,27,7,1,0,0,1,6419.658023112468,0.0,11457.835721841495
1,32,11,1,0,0,0,3406.7755420530984,0.0,9952.051641174685
1,49,12,1,0,1,1,0.0,0.0,997.3871356920063
0,25,11,0,1,0,1,1384.4228417636887,513.638850071782,3122.6376835518313
0,41,12,1,0,0,1,0.0,0.0,10621.383350751978
0,30,12,0,0,0,1,5606.632981522333,0.0,14826.365733255527
0,41,14,1,0,0,1,0.0,4240.854429136205,12388.238144252124
0,38,11,1,0,0,1,1935.2061799842106,3001.4977061676364,0.0
0,46,14,1,0,0,1,0.0,3636.4377098057766,2279.645855964738
0,36,8,1,0,0,1,8100.5251180762025,182.52537674947166,0.0
0,37,14,1,0,0,1,0.0,2089.9018609536533,13750.292266087188
0,48,9,0,0,0,1,9549.805957183946,0.0,1310.7719661057836
0,37,9,1,0,1,1,2404.760481641823,0.0,4184.384720330663
0,51,10,0,0,1,1,0.0,6633.273981941665,8331.555458395349
0,48,9,1,0,0,1,1271.1922896315336,1658.1319885303515,26316.22274916021
0,46,10,1,0,1,0,0.0,2900.4955149443736,6665.518951324202
0,28,9,0,0,0,1,4987.1504072470325,3957.292170607296,2680.521745578217
0,34,11,1,0,0,1,829.720082768604,1698.4776127841042,0.0
0,37,9,1,0,0,0,2904.60851631868,2041.5968030169722,16030.116541373929
0,29,11,1,0,0,0,301.9713512024475,0.0,3126.0659353749083
0,37,13,1,0,0,1,0.0,0.0,17591.73977158621
0,24,9,1,0,0,1,0.0,0.0,13252.858359567608
0,23,11,1,0,0,1,6193.621492246813,3215.9706437453033,912.9243407791532
0,39,11,1,0,0,1,1260.8007915048765,1495.1970114342275,0.0
0,48,14,0,0,0,1,569.1056024959971,0.0,6699.301245040775
0,27,9,1,0,1,1,1138.328678313163,3134.3381712237306,0.0
0,38,11,1,0,0,1,0.0,3016.386347811267,4864.533742603757
0,38,7,1,0,0,0,585.4255773455641,0.0,12807.873257123074
0,41,9,0,0,0,1,3111.912904407074,1177.4231338383677,0.0
0,38,11,1,0,0,1,0.0,3028.249052019675,6636.717111284639
0,44,13,1,0,0,1,0.0,0.0,10530.743233698091
0,45,7,1,0,0,1,8842.674365534007,3089.683956200065,10912.405789334949
0,29,11,1,0,0,1,334.20882420856924,2235.9949818025048,0.0
0,34,10,1,0,0,1,0.0,0.0,7853.920007711773
0,18,7,1,0,0,1,0.0,1974.5256899588903,14023.22228985995
0,45,10,1,0,0,1,6264.261614336608,2444.0228004453566,7255.220292013395
0,37,13,1,0,0,1,0.0,0.0,3644.8336805441413
0,31,8,1,0,0,0,2032.2647658813544,0.0,13520.335003491284
0,43,10,0,0,0,1,0.0,0.0,0.0
0,47,8,0,0,0,1,6105.410475379438,0.0,0.0
0,31,9,1,0,1,1,7858.296462564004,1228.1080084028213,2976.896989938362
0,39,13,0,0,1,1,4474.850928351061,0.0,8764.200523135358
0,40,9,1,0,1,1,0.0,0.0,12728.315502220423
0,29,13,1,1,0,1,6206.030597284411,0.0,8728.463750979123
0,38,12,1,0,0,1,0.0,0.0,11130.404347658456
0,53,9,1,0,0,0,0.0,3896.4038063062185,12778.465020627851
0,49,9,1,0,0,1,233.02586938234822,3181.5482606669393,1885.1210914527642
0,19,8,0,0,0,1,135.74218035570652,3958.7956528986324,3391.1615118929903
0,35,8,1,0,0,1,0.0,0.0,14681.149028710071
0,39,11,0,0,1,1,8331.44604951024,1722.6519578564062,0.0
0,45,10,1,0,0,1,11938.793644615116,0.0,7930.988221595895
0,46,9,0,0,1,1,0.0,2647.694761744602,0.0
0,41,7,1,0,0,1,0.0,3233.4796122866674,13210.758032618038
0,53,10,1,0,0,1,2804.6111182517034,135.1185846556857,4413.901574315376
0,24,9,1,0,0,1,207.34250878976923,2217.9885639324148,4614.741489619701
0,32,9,1,1,0,1,4058.8616877241084,0.0,18156.09807414973
0,24,10,1,0,0,1,6583.4204345071,0.0,0.0
0,17,5,1,0,0,1,5769.151359873691,3730.9810985134955,6252.8517958107495
0,21,7,1,1,0,1,5086.767946082129,2912.72430361889,3137.9477266534423
0,19,14,1,0,0,1,10214.999810734687,0.0,8743.479823310525
0,17,9,1,1,1,0,0.0,3878.775299725763,19733.04529888194
0,20,5,1,0,0,1,9340.291666282206,1712.1816379789134,0.0
0,51,7,1,0,1,1,88.70988420342246,0.0,0.0
0,48,15,1,0,0,0,5943.906953441789,678.4788871679974,0.0
0,50,8,0,0,0,1,0.0,0.0,2723.420147168031
0,41,12,1,0,0,0,0.0,0.0,5060.303968744073
0,26,10,0,1,0,0,5342.767203472668,5312.271609198864,5455.998036453043
0,37,9,1,0,0,1,0.0,0.0,18736.533702897137
0,43,11,0,0,0,1,6942.403436594984,0.0,17337.60876429964
0,43,5,0,0,0,0,8264.441635943342,0.0,14805.280029489777
0,18,7,1,0,0,1,2975.8345806621282,0.0,24336.088754268632
0,29,9,1,0,0,1,2799.786180872409,3525.118418475019,11038.18255856492
0,25,7,1,0,0,0,0.0,3821.6263635695664,13274.429441993938
0,52,9,1,0,0,1,5403.034229546727,5107.391203810366,10886.129695738258
0,38,12,1,0,0,1,3806.0400591930907,787.2424412481835,9597.00210361572
0,42,10,1,0,0,1,0.0,230.50605464191722,7657.717455746415
0,28,12,1,0,0,1,193.83748391900576,0.0,1432.9256276511733
0,33,10,1,0,0,1,1328.3277795116085,0.0,0.0
0,30,12,1,0,0,0,187.375665610733,4871.605139032663,3527.1452261750555
0,30,10,1,0,0,1,0.0,1181.647414341484,9005.941695320122
0,50,9,0,0,0,1,5523.112248049497,2484.009892328516,5123.48437496238
0,36,13,1,0,0,1,916.9644020074406,0.0,0.0
0,27,8,1,0,0,1,2182.087659790603,5518.809410124457,3249.9980457807633
0,32,10,1,0,1,1,0.0,0.0,2839.9719048764537
0,47,11,0,0,0,0,4429.651693301114,0.0,4064.456031631607
0,22,11,0,0,0,0,3078.028253071918,2489.288177511042,8417.031050006028
0,35,7,0,0,0,1,8033.877309680355,6902.216008212382,10111.131976373348
0,53,12,0,0,0,1,4455.685910132816,542.4024569765182,621.0952351831957
0,20,8,1,0,0,1,1116.4813282220393,0.0,12273.480386094447
0,20,11,0,0,0,0,0.0,4488.133247904709,13457.597087430613
0,36,11,1,0,0,1,6338.910766300644,2308.985284845962,7074.815307292906
0,26,11,1,0,0,1,726.0506052305809,5420.198260809472,9784.590389454788
0,40,7,0,0,0,1,1267.8162520442693,0.0,12297.94875784815
0,51,11,1,0,0,0,1266.5747600476989,5167.36085646917,0.0
0,42,12,1,0,0,1,144.34311801860872,0.0,12852.571412301788
0,53,10,1,0,0,1,1351.7679351986283,339.3738615274823,0.0
0,54,8,1,0,1,1,11520.376359074107,2595.747681340219,0.0
0,37,12,1,0,0,0,0.0,1865.777064422883,6099.206883198725
0,37,10,1,0,1,1,0.0,4681.046729527239,0.0
0,26,6,1,0,1,1,8872.19343151982,0.0,5936.604964812057
0,54,8,1,0,0,1,275.33097297258473,1720.9030771511993,12278.670709701299
0,20,9,0,1,0,1,0.0,5128.647703531526,0.0
0,36,13,1,0,0,1,7164.379668051771,1457.8681169450786,13122.236356206931
0,33,12,1,0,0,1,0.0,0.0,0.0
0,23,12,0,1,0,0,6121.447795761393,4510.166303946995,6182.381627136863
0,20,10,0,0,0,1,2329.9274900943847,0.0,200.02935338803036
0,45,12,1,1,0,0,4378.488013375873,0.0,9062.149714643205
0,30,8,1,0,0,1,4286.753278317139,0.0,12618.262424340328
0,19,10,1,0,1,1,0.0,627.4326214172896,9645.030536597109
0,40,11,0,0,0,1,7244.135133592593,1856.270849380271,4523.680296933061
0,53,8,1,0,0,1,0.0,0.0,811.4460670195244
0,32,10,1,0,0,0,4105.04515584685,0.0,4009.8009349374533
0,20,13,1,0,1,1,8155.759560780889,0.0,9715.527514837502
0,40,11,1,0,0,1,8845.692607149696,0.0,9985.325762293352
0,50,12,1,0,0,1,801.5535962578363,1385.324731262615,8888.352721979554
0,46,5,1,0,0,1,4370.342085215818,2429.7723188144346,0.0
0,34,13,1,0,0,1,350.1782822749112,1987.6497952481627,4373.882319488629
0,35,9,1,1,0,1,14343.052162662498,1992.3433498791765,0.0
0,47,8,1,0,1,0,5919.475790705352,6645.922331514039,9785.996599599148
0,35,9,0,0,0,1,2517.793575935105,2630.8375071998125,0.0
0,35,7,1,0,0,1,3634.491341687988,3790.5809139554863,8111.3069148485965
0,38,12,1,0,1,1,4096.524165284932,0.0,2335.0288856720945
0,40,9,1,0,0,0,4241.365683808877,4305.75577322734,0.0
0,28,8,1,0,0,1,934.1287103612758,0.0,11878.856702080877
0,46,9,1,0,1,1,179.92248863770033,2591.4521665076722,4356.0654255962445
0,54,12,1,0,0,1,1364.8926212426277,0.0,14593.113385788696
0,47,10,1,0,0,1,0.0,1802.1076708697638,0.0
0,52,7,1,0,0,1,5617.207026884187,0.0,2261.6018470120594
0,35,11,1,0,0,0,0.0,4280.098771783698,2852.546420308744
0,52,8,1,0,0,1,0.0,4086.446331174087,6680.712893171796
0,46,5,1,0,0,1,2036.849721901005,0.0,0.0
0,49,13,1,0,0,1,1471.0907087055236,7864.581695242393,8834.945819239318
0,34,11,0,0,1,1,3326.9636831807866,346.7577645532042,19594.04815021289
0,44,10,1,0,0,1,0.0,0.0,8288.18530464434
0,27,9,1,0,1,1,188.64451792523255,0.0,5285.6271851455695
0,49,13,1,0,0,1,5489.388021367455,0.0,0.0
0,33,16,1,0,0,1,5191.758458820012,2488.939165649954,0.0
0,22,11,1,0,0,1,4988.008900665426,0.0,4115.668165227246
0,20,8,1,0,0,1,2272.999721561694,0.0,387.248503879463
0,36,9,1,0,0,0,2932.5248602248266,2279.5434369578625,12628.559305473838
0,43,11,1,0,1,1,3233.1548442412304,1713.3011350772927,8753.643082020273
0,31,5,1,0,0,1,0.0,1226.2995680718118,25735.942349018715
0,22,10,1,0,0,1,9310.665734913997,1672.5956708028527,0.0
0,30,11,1,0,0,1,8614.470714767387,74.36018612286034,4815.512647818762
0,27,12,0,0,0,1,5988.478203221727,0.0,0.0
0,25,12,1,0,0,1,25.81442725539182,0.0,0.0
0,42,10,1,0,0,1,4741.7973044223845,2775.905555710904,10240.645945357952
0,32,13,1,0,0,1,6888.293885880875,826.2062716663274,8461.873217804192
0,21,14,1,0,0,1,0.0,2527.2010731070823,0.0
0,26,10,1,0,0,1,10388.078979420556,0.0,5286.864017341463
0,19,11,1,0,0,1,0.0,4467.767841127053,0.0
0,29,6,1,0,0,1,5550.408640918251,0.0,667.0699527479474
0,46,7,1,0,1,1,9209.190630655816,1722.2970111002783,2035.320951367722
0,22,8,0,0,0,1,1554.4588512999003,5609.045837383395,0.0
0,33,9,1,0,0,1,1371.6804780646403,6088.091523137469,0.0
0,35,8,1,0,0,1,5369.858293665515,520.7515612084719,0.0
0,51,10,1,0,0,0,11157.146805880833,0.0,7881.787887408453
0,42,9,1,0,1,0,733.4224533805436,5665.676079503272,0.0
0,21,12,1,0,0,1,0.0,1100.0460280529003,2764.240599899057
0,45,9,0,0,0,1,36.0093484437416,755.2770530902542,0.0
0,53,5,1,0,0,1,0.0,0.0,0.0
0,36,10,1,0,0,1,6494.342851020966,0.0,419.6849060833356
0,37,10,1,0,0,0,0.0,3082.0755407674965,4442.189501641166
0,26,8,1,0,0,1,1088.8465540816305,3423.3162128681283,2868.2218839534435
0,21,10,1,1,0,1,6552.318469244684,1915.770141792338,0.0
0,52,8,1,0,0,1,265.0392446090684,0.0,10232.586510611352
0,22,10,1,0,0,1,5816.6747622630955,0.0,0.0
0,42,15,1,0,1,1,0.0,0.0,0.0
0,20,6,1,0,0,1,6792.261846219378,0.0,6793.096879632163
0,51,9,1,0,0,0,3777.889838924354,0.0,7075.3394952909985
0,17,8,1,0,0,1,1674.1142763842813,0.0,0.0
0,40,9,1,0,1,1,2746.6764755813297,3363.6795947644623,0.0
0,52,12,1,0,0,0,0.0,0.0,0.0
0,22,11,1,0,1,1,2634.7996356688423,4434.247111525532,5828.574361152097
0,47,11,1,0,0,0,1414.659758962277,2535.5168348552393,9972.279558379469
0,36,10,0,0,0,0,0.0,2214.4842829436266,3931.17319522371
0,40,7,1,0,0,1,0.0,6627.629819267434,786.8167676561334
0,41,8,1,0,0,1,1475.378424386044,0.0,22595.690981836582
0,52,11,1,0,0,1,0.0,4079.6720552810743,1624.6516821173768
0,37,10,1,0,0,0,0.0,308.8885574440179,9371.434546985629
0,46,12,1,0,0,1,7367.305906068528,9543.27483419049,0.0
0,40,10,1,1,0,1,1412.6067804368051,41.22272616288501,0.0
0,46,7,0,0,0,0,0.0,0.0,9647.510585373322
0,38,9,1,0,0,0,12540.563886213204,2636.79965926554,12772.563556603513
0,44,11,1,0,0,0,8173.684323127554,594.5234348203892,1489.09722484849
0,23,11,1,0,0,1,401.5247164290456,0.0,0.0
0,51,12,1,0,0,0,0.0,0.0,3236.826410930559
0,44,8,1,0,0,1,4077.395446986671,5960.960248119051,6045.056221432811
0,30,7,1,0,1,0,3095.7711443387984,0.0,5332.401512253062
0,26,9,1,0,0,1,4756.193462499425,1985.118856864829,122.81350575177203
0,32,13,0,0,0,1,0.0,4666.8567454564,3352.260633774199
0,32,8,1,0,0,1,7471.8118664883705,4822.369358139837,0.0
0,47,11,1,0,1,1,0.0,0.0,0.0
0,41,11,1,0,0,1,5433.902213679756,603.29112678567,10499.844251928414
0,29,11,1,0,0,1,0.0,0.0,5324.379331539125
0,22,13,1,0,1,1,15048.47965837729,0.0,3369.5724443181316
0,25,13,1,0,0,1,5506.022606393218,2997.2684559417503,565.2687076114066
0,52,9,1,0,0,1,16202.24313561541,1390.9432352984495,3137.574630738527
0,36,6,1,0,0,1,6151.490858305388,5904.243374457448,5816.209345267302
0,34,8,1,0,0,1,0.0,0.0,18154.537956931148
0,37,10,1,0,0,1,6160.183938270401,4771.5142221903625,9704.241397590142
0,20,9,1,0,0,1,6508.123797510249,4998.574729764855,0.0
0,49,14,1,0,0,1,3931.4350941605653,1418.5237598345896,0.0
0,43,10,1,0,1,1,5187.72801082066,0.0,0.0
0,23,11,1,0,0,1,5829.56048141531,0.0,2977.5049806328507
0,22,10,1,1,0,0,0.0,7015.719149134952,0.0
0,31,9,1,0,0,0,0.0,2223.222528432457,8290.438401833384
0,34,6,0,1,0,1,0.0,3499.053653201601,0.0
0,48,10,1,1,0,0,2730.2996812886836,979.972773717037,8765.169089064413
0,27,16,1,0,0,1,1016.3624850093952,547.7372731505895,6721.394696565323
0,36,7,1,0,0,1,0.0,0.0,14488.99511492248
0,40,6,1,0,0,1,5895.960546809514,3825.265539701033,11452.703425675947
0,31,14,1,0,0,1,3490.2400360069764,4742.49379800133,0.0
0,23,11,0,0,0,1,2932.555980829364,0.0,10567.733002743236
0,37,10,1,0,0,1,846.2062656149769,691.2653638647583,3232.8131567550963
0,42,13,1,0,0,1,258.5992637394447,257.06682819653804,0.0
0,30,8,1,1,0,1,0.0,2619.473453341855,5804.530869847193
0,53,10,1,1,1,1,6670.18880962997,0.0,0.0
0,37,12,1,0,0,1,0.0,4264.986431726085,4556.742669495198
0,34,14,1,0,0,1,3130.2912107277953,1496.5929736047297,17546.95581477534
0,21,7,1,0,0,1,10229.244806581426,0.0,6323.39856379389
0,19,12,1,0,0,1,483.25640170314364,2692.1165658451187,0.0
0,39,11,1,0,0,1,6801.951361694703,4474.2538290547345,12142.052849182674
0,42,10,1,0,1,0,4886.280961366334,0.0,7407.122399263362
0,53,10,0,0,0,1,3629.1419816567686,2582.6920036831543,0.0
0,40,7,1,1,0,1,4210.112835588527,7157.640176938802,0.0
0,35,12,0,0,0,1,1643.1915959729636,1627.7416616987505,0.0
0,41,8,1,0,0,1,2276.9501594935437,4941.903314276627,11134.186265884437
0,37,8,0,0,0,1,0.0,0.0,2182.2960146301566
0,28,12,1,0,0,1,2309.6009509822925,1209.1729554564142,5193.348196622217
0,49,11,1,0,0,1,0.0,608.3240741650939,0.0
0,20,10,1,1,0,1,7021.636439865331,20.859347587215552,11345.94370793007
0,23,12,1,0,0,1,0.0,791.4827368775776,0.0
0,38,13,1,0,0,1,4457.907433730232,0.0,0.0
0,49,12,1,0,1,1,3751.8992098506806,201.89684742016857,7847.055179648216
0,33,9,1,0,0,1,3309.2800169282764,5573.398980018821,0.0
0,40,12,1,0,0,1,7113.726363105633,0.0,9386.355041436635
0,50,10,0,0,0,1,708.7140154601163,0.0,0.0
0,44,13,0,0,1,1,3355.305198423607,1464.0426235197162,0.0
0,38,10,0,0,1,1,0.0,1624.89853846697,14675.754402558081
0,33,9,1,0,0,1,77.34639700516459,2482.0589306347815,5765.968829109873
0,50,9,1,0,0,1,6288.9839391533205,900.8755329186474,8638.256826016412
0,22,10,1,0,0,0,0.0,1498.3307453913758,12565.254801676067
0,22,11,1,0,0,1,2887.6658347769903,137.50191368825176,0.0
0,50,11,1,0,0,0,0.0,0.0,9548.835028646503
0,17,10,1,0,0,1,1564.6066689515312,1037.1895759080148,0.0
0,26,11,1,0,0,1,0.0,3599.477731548291,0.0
0,37,9,1,0,0,1,0.0,2924.9608422281635,7996.348957995169
0,21,8,0,0,0,1,3993.3982002085463,0.0,1698.9582355878351
0,18,8,1,0,1,1,1864.6206239850658,2077.9477444919376,9232.097300616446
0,38,12,0,0,0,1,5100.918507911343,0.0,4233.688374550984
0,18,11,1,0,0,1,5989.418056390434,5748.3759328076285,5878.300318519477
0,26,6,1,1,0,1,8094.839448154015,2317.262431246456,698.4267356157184
0,50,12,1,0,0,1,2759.349724978303,4152.138067660423,0.0
0,32,14,1,1,0,0,8306.75094723588,1335.1402568714336,0.0
0,38,8,1,0,0,1,0.0,1054.3689585490206,3746.082565514277
0,28,10,1,0,1,1,6549.086685437877,6082.124789925801,19008.554435957296
0,40,9,1,0,0,1,4352.04096459422,4398.360782735927,16134.487641826236
0,54,11,1,0,0,1,3246.1237928397645,1646.387001584856,0.0
0,26,7,1,1,0,1,4280.406428355154,624.2737742637155,5029.047147574583
0,51,10,0,0,0,0,0.0,0.0,2291.483363966443
0,48,12,1,0,0,1,0.0,2311.7828947598564,5579.807490642613
0,23,12,1,0,0,1,10462.93034535829,861.0713227598385,6591.866584919018
0,37,11,1,1,0,1,1282.45471514994,3050.1845155578467,8704.960628949313
0,36,9,1,0,0,1,1212.711147630654,4028.318850900477,0.0
0,42,7,1,0,0,1,0.0,5235.773004957087,7438.245004532557
0,20,8,1,0,0,1,0.0,2351.7801801690875,1416.6882631526378
0,38,9,0,0,0,0,1675.3856392443774,0.0,0.0
0,31,8,1,0,0,1,437.65982758684663,0.0,10803.417287101005
0,37,10,0,0,0,0,2115.475801400358,0.0,16094.507683856315
0,31,9,0,0,0,1,2532.9213066476887,5559.499479906813,9975.38773417375
0,38,10,1,0,1,1,14272.99630412101,7136.8190396749,475.5545060703189
0,44,12,1,0,0,1,452.359634128728,501.19748005502413,0.0
0,30,9,0,1,0,1,9828.167307519623,0.0,0.0
0,43,7,1,0,1,0,10131.572338924647,0.0,5990.853345105526
0,44,8,1,0,0,1,5789.9618821241875,4929.596943264447,9110.119720018833
0,42,11,0,0,0,1,957.9376128324911,0.0,3753.639766058796
0,18,11,1,0,0,1,0.0,3163.3899875417283,11900.781424928484
0,41,11,1,0,0,1,4442.711728530802,1809.5891718783755,0.0
0,19,12,1,0,0,1,7085.934633498514,3552.5004908402766,3207.8631295681316
0,24,9,1,0,0,1,10647.948637950945,7119.177405610515,2585.8823509220692
0,49,14,1,1,0,1,0.0,3165.5065697450354,3688.774980957527
0,51,11,1,0,0,1,916.8865360515983,1739.923494497495,13743.11839245839
0,22,5,1,1,1,1,0.0,7474.434508338911,3730.206223015034
0,39,13,1,0,0,1,0.0,2392.2082151310724,2235.8677897725106
0,41,8,1,0,1,1,5353.861879809509,0.0,0.0
0,35,8,1,0,0,0,0.0,3479.950767767974,15006.934701672622
0,21,11,1,0,0,0,0.0,2707.3593901260324,0.0
0,27,6,1,0,0,1,6001.918786010756,275.8623602309392,204.55346178940636
0,28,8,1,0,0,1,4309.760466942814,0.0,17881.20290685598
0,26,13,1,0,0,1,3817.5047243091985,306.90271033331135,8238.670025928763
0,24,11,1,0,0,1,0.0,0.0,4396.270281066108
0,40,11,0,0,0,1,8426.00476063525,411.5191435632014,4725.651400825278
0,44,8,1,0,1,1,2177.813594301819,0.0,0.0
0,52,7,1,0,0,1,13738.989208094557,2510.0319411864466,4015.896164705853
0,53,11,1,1,0,0,2894.6190702001068,2268.7570296334393,1802.605444620095
0,37,12,1,0,0,1,0.0,2378.2045209016615,5968.138191912516
0,24,12,1,0,0,1,0.0,1066.2330963534107,0.0
0,25,10,1,0,0,1,5156.243365798805,695.1019788553252,7684.901745121235
0,31,8,1,0,0,1,8462.514922440647,5908.8166626466655,12552.825652330592
0,34,15,1,0,0,0,0.0,1483.9795497308871,2951.523474676448
0,36,11,1,1,1,1,12374.483262561938,5335.065477452579,9645.723060136785
0,22,9,1,0,0,1,10234.075805090182,0.0,6996.49414420229
0,28,9,1,0,0,1,3135.94203293689,3163.563448294238,0.0
0,18,10,1,0,0,1,4743.311416294415,0.0,0.0
0,23,12,1,0,0,1,6478.569172377682,0.0,0.0
0,32,10,1,0,0,1,11343.405063205359,0.0,6859.185841540144
0,19,12,1,0,0,1,5440.598469485656,0.0,4113.306246672397
0,19,10,1,0,1,1,3025.421984649105,0.0,14586.156803143316
0,43,10,1,0,0,1,5392.535952605953,5185.408514357729,10776.775172708036
0,54,11,1,0,0,0,4733.079695442367,1413.1785662656828,10760.37146226248
0,49,11,1,0,1,1,6624.592585212895,1991.4532978657317,6624.656667070054
0,44,9,1,1,0,1,0.0,0.0,0.0
0,17,8,1,0,0,1,3650.575809893213,4025.487618668592,7114.44424143526
0,24,10,0,0,0,1,4357.172760542171,2409.9261596510823,5057.332849277028
0,53,10,1,0,0,1,1750.9958946160355,272.55869383819254,0.0
0,48,9,1,0,0,1,5939.221412891209,0.0,14073.670817081385
0,53,8,1,0,0,1,11495.746161720905,1963.2582995956216,13226.710512567637
0,20,11,1,0,0,1,2782.4671197074003,3120.11238304164,0.0
0,46,11,1,1,0,1,5487.440921418482,0.0,0.0
0,22,9,1,0,0,0,9956.815884326741,316.12472240739646,228.54162366177025
0,35,9,1,0,0,0,2896.565740537848,2996.1196542028174,9352.702095071572
0,48,8,0,0,0,0,0.0,0.0,8447.00299463159
0,25,11,1,0,0,1,5116.311235492685,0.0,4904.351542990266
0,28,8,0,0,0,1,0.0,2480.269883095386,6709.435224899918
0,27,14,1,0,0,1,0.0,4824.054354663333,0.0
0,32,9,1,0,0,1,3734.4298742571527,8303.025215700887,7555.169200446948
0,17,5,1,1,1,1,0.0,7571.909699373665,3761.3347505790634
0,37,10,1,0,0,1,0.0,1729.793963575234,0.0
0,46,10,1,0,0,1,249.4583201250539,0.0,0.0
0,29,12,1,0,0,0,0.0,4238.530579954482,4767.103415718031
0,50,10,1,1,0,1,1384.6696171652356,0.0,7363.20350354551
0,20,8,1,0,0,1,7545.596377935644,0.0,0.0
0,44,9,1,0,1,1,3272.455725135531,284.3485774367416,4700.429917854133
0,54,10,0,0,0,0,0.0,0.0,5516.6601277921145
0,47,5,1,0,0,1,8726.153522696757,2595.2579756490536,194.8761840573543
0,43,12,1,0,0,1,0.0,0.0,7543.187138242836
0,21,8,0,0,1,0,3191.34470736925,1541.007902441666,3511.344771146326
0,41,13,1,0,0,1,0.0,6401.155160073726,6782.706298981173
0,19,11,1,0,1,1,3340.077605305146,1660.1709586043598,8757.920620928064
0,49,11,1,0,0,1,549.8678771768757,6149.393425464003,8762.32593068617
0,20,12,0,0,0,1,7395.89667362936,5136.42019883129,12554.32682194363
0,41,11,1,0,0,1,5629.0094457262,3172.777521939337,7216.604260168291
0,36,11,1,0,0,1,0.0,126.98216918790285,802.1204923087512
0,50,9,1,1,0,0,0.0,4616.395179086767,0.0
0,42,11,1,0,0,0,567.1222656720818,462.33073690404046,0.0
0,21,9,1,1,0,1,11272.917725187817,1260.5309204682123,5744.330252369232
0,51,9,1,0,0,1,10019.38766717519,2329.909532139047,14949.7592591714
0,44,14,1,0,0,1,0.0,1249.7221063653826,1735.053348699089
0,45,8,1,1,0,1,6017.701226812589,0.0,8092.068084734254
0,25,10,0,0,0,1,0.0,0.0,0.0
0,54,10,1,0,0,1,0.0,4354.448902717717,6087.530267568711
0,22,9,1,0,0,1,0.0,3102.9313061896746,14462.283856561618
0,35,11,1,0,0,1,7332.56870915652,0.0,9953.712806202391
0,27,11,1,0,0,0,0.0,0.0,0.0
0,18,8,0,0,0,1,4205.234600509621,1843.4116168310247,9044.656117751629
0,25,10,1,0,0,1,2110.470364092864,2691.640406111468,9402.848201768873
0,37,8,1,0,0,1,1249.5815691118833,0.0,5919.822018377507
0,40,11,1,0,0,1,10276.02588028787,979.7407323999447,9806.39646062932
0,50,10,1,0,0,1,10706.64017893778,3004.148142122511,0.0
0,38,10,1,0,0,1,1401.3522962203292,135.48350968621685,5052.691238843745
0,19,11,1,0,0,1,416.50703896782875,2090.515638310313,13288.738393360047
0,28,9,1,0,0,1,0.0,0.0,12578.942586429914
0,44,12,0,0,0,1,2086.186329361981,4193.703056120761,8866.469810504976
0,46,8,1,1,0,1,11652.793010830657,0.0,0.0
0,42,13,1,0,0,1,1477.870395727039,0.0,0.0
0,37,9,1,0,0,0,5668.4466167236515,1360.1155754141316,5456.115086845868
0,44,6,1,0,0,1,0.0,0.0,5977.150936056187
0,42,9,1,0,0,0,0.0,0.0,3765.375267494822
0,49,9,1,0,1,1,4367.067949457554,4755.5439244358695,0.0
0,37,9,1,0,0,0,2624.349539260834,0.0,7992.572780096227
0,51,10,0,0,0,1,6137.149263264415,0.0,5421.670798179957
0,50,12,1,1,0,1,0.0,0.0,6835.047898302575
0,34,9,1,0,0,1,0.0,0.0,9223.543386962876
0,27,8,1,0,0,1,7590.654955584935,809.5432065145519,2402.1971203370745
0,39,8,1,0,0,1,0.0,0.0,709.9378451559724
0,38,9,1,0,0,1,4582.773882402196,2870.6611919225634,13268.216398468938
0,33,6,1,0,0,1,4310.337506528886,3347.2276681966855,0.0
0,21,8,0,0,1,1,0.0,0.0,864.0065728323857
0,27,12,0,1,0,1,7234.075914052005,0.0,14264.827563967932
0,46,8,0,0,0,1,0.0,0.0,251.56021730700377
0,31,11,1,0,0,1,2376.0519376502816,735.8413037617456,3779.1749974797153
0,43,7,1,0,0,1,356.56180990032544,4752.158241170471,1314.033039687807
0,51,13,1,0,0,1,10036.604671412226,4937.668882893396,0.0
0,49,13,0,0,0,0,8672.636647395515,9310.854116067667,3584.938701678264
0,36,11,1,0,0,1,0.0,0.0,0.0
0,32,14,0,0,0,1,13145.888144765318,0.0,6557.784263606894
0,50,11,1,0,0,0,0.0,7106.295553880373,13253.058158493428
0,18,11,1,0,0,1,12381.608040410243,0.0,0.0
0,51,12,1,0,0,1,854.903820951896,7033.082241565504,1353.7840868697958
0,44,10,1,0,1,1,440.94005732871324,1741.3237482481045,8113.426873735507
0,22,7,1,0,0,1,898.3093684486814,1859.7233963595704,0.0
0,25,11,1,0,0,1,148.34100498523185,0.0,15067.399590441695
0,36,9,1,1,0,1,14443.725880342085,0.0,7543.610653533005
0,17,9,1,0,0,1,1733.8130449200607,6891.804501906187,13076.635270138268
0,24,10,1,0,0,1,629.6773341834239,1113.507987658491,118.42216090238617
0,39,11,1,0,0,1,2483.351571868018,0.0,1067.3955002372059
0,19,10,1,0,1,1,0.0,2573.0100931447605,3288.91369679572
0,20,11,1,0,0,1,9912.128051076455,648.2515446257466,21376.290577087962
0,41,8,1,0,0,1,0.0,2378.0415512269337,14924.534871030422
0,54,10,1,0,0,1,0.0,0.0,5596.179352035312
0,31,11,1,1,0,1,6684.458934221273,1018.6456241305091,6556.378737576717
0,37,13,1,1,0,0,2313.97486306044,0.0,9549.788285738668
0,51,14,1,0,0,0,4791.014596877727,0.0,23369.361776739806
0,30,11,1,0,0,1,9599.573038241697,2818.4221171502986,7565.856611979818
0,52,11,0,0,0,1,7012.578166700829,0.0,4916.562569266363
0,28,14,1,0,0,1,2778.846898704777,736.6989459948954,1891.246413829891
0,33,8,1,0,1,1,12317.617529825739,4248.013683320045,6403.078252235443
0,25,11,1,0,0,1,0.0,0.0,0.0
0,51,11,0,0,0,1,1616.7867844693933,3213.478108080769,8457.75842365076
0,29,13,1,0,0,1,1958.2380999459806,301.9004820178752,0.0
0,31,8,1,1,0,1,1606.4648294750202,0.0,2505.6418631403812
0,34,8,1,0,0,0,0.0,7778.7900669242545,10334.356668139955
0,49,10,1,0,0,1,0.0,1265.2092839651853,7458.895788671964
0,22,11,1,0,0,1,4145.864093991118,0.0,915.5321140536562
0,43,12,1,0,0,1,0.0,0.0,2729.663176552306
0,39,11,0,0,0,1,11430.461551751516,4103.461985897726,12699.977980207626
0,43,9,1,0,1,1,1752.4856663493847,0.0,0.0
0,50,11,1,1,0,1,877.9719986390865,3702.2317592035615,0.0
0,54,10,1,1,0,1,7455.038536149771,1259.0174236145458,0.0
0,30,13,1,0,0,1,4072.5154192070163,4860.009379412559,4470.997241814315
0,52,10,1,0,0,1,1249.2463304046923,0.0,0.0
0,24,9,0,0,0,1,0.0,0.0,12052.263530289976
0,51,11,1,0,0,1,19982.18871614348,362.4438941372093,0.0
0,35,10,1,1,0,0,3875.0470201731164,629.4239444677463,6320.005172765199
0,46,7,1,0,0,1,7406.6073446775445,125.6809246243231,0.0
0,30,10,1,0,0,1,0.0,9737.60666506796,4039.7344650338755
0,36,10,1,0,0,1,0.0,7908.592107008792,0.0
0,41,9,1,0,0,1,12430.034356074639,2229.6582858489382,12432.354901066727
0,40,12,1,0,0,1,8933.801500630989,2609.233106368423,0.0
0,30,8,1,0,0,1,4343.399220944555,505.924812323829,0.0
0,42,11,1,0,0,1,242.2630517879461,0.0,23270.663908434264
